{"_runtime":1121.580577,"_wandb":{"runtime":1220},"_step":5,"train_loss":0.23642407357692719,"train_average_precision":0,"_timestamp":1.7371159024944189e+09}